<?xml version="1.0" encoding="UTF-8"?>
<metadata xml:lang="en"><Esri><CreaDate>20200821</CreaDate><CreaTime>18014700</CreaTime><ArcGISFormat>1.0</ArcGISFormat><SyncOnce>TRUE</SyncOnce><DataProperties><itemProps><itemLocation><linkage Sync="TRUE">file://\\WU201B-621WSW\C$\PhD\Code_imageProcessing_directGeoreferencing\ArcGISPro_UAV_processing\stdzeRefl_remap</linkage><protocol Sync="TRUE">Local Area Network</protocol></itemLocation></itemProps><copyHistory><copy source="C:\GIS_processing\multispec_cntrlpts\stdzeRefl_remap" dest="\\WU201B-621WSW\C$\PhD\Code_imageProcessing_directGeoreferencing\ArcGISPro_UAV_processing\stdzeRefl_remap" date="20200821" time="18014700"></copy></copyHistory><lineage><Process ToolSource="c:\program files\arcgis\pro\Resources\ArcToolbox\toolboxes\Data Management Tools.tbx\Copy" Date="20200629" Time="144802">Copy C:\GIS_processing\AccuracyAssessment\stdzeRefl_remap.dbf C:\GIS_processing\multispec_cntrlpts\stdzeRefl_remap.dbf "dBASE Table" #</Process><Process ToolSource="c:\program files\arcgis\pro\Resources\ArcToolbox\toolboxes\Data Management Tools.tbx\CopyMultiple" Date="20200821" Time="180147">CopyMultiple "C:\GIS_processing\multispec_cntrlpts\tableToexcel.ipynb file_ipynb;C:\GIS_processing\multispec_cntrlpts\cntrlPts.ipynb file_ipynb;C:\GIS_processing\multispec_cntrlpts\stdzeRefl_remap.dbf table_dbase;C:\GIS_processing\multispec_cntrlpts\rockyReef_stdzeRefl_remap_noUE152_nosomeEU05.dbf table_dbase" C:\PhD\Code_imageProcessing_directGeoreferencing\ArcGISPro_UAV_processing tableToexcel;cntrlPts;stdzeRefl_remap;rockyReef_stdzeRefl_remap_noUE152_nosomeEU05 "stdzeRefl_remap TableDataset stdzeRefl_remap.dbf #;rockyReef_stdzeRefl_remap_noUE152_nosomeEU05 TableDataset rockyReef_stdzeRefl_remap_noUE152_nosomeEU05.dbf #"</Process></lineage></DataProperties></Esri></metadata>
