OBJECTID,NZTMX,NZTMY,height,pitch,roll,yaw,CFL,imgWidthpx,imgHeightpx,directory,filename,lat,long,alt
1,1793242.049,5924715.059,30.4,-5.1,1,-129.2,5.429741484,1280,960,C:/Users/saselvar/Downloads/RockyReef_raw_rededge_1_5set/000,IMG_0056_2.tif,-36.8036951,175.1661398,29.17
2,1793227.579,5924702.854,30.3,-5.4,0.5,-129.2,5.429741484,1280,960,C:/Users/saselvar/Downloads/RockyReef_raw_rededge_1_5set/000,IMG_0057_2.tif,-36.803808,175.1659808,29.524
3,1793214.842,5924691.498,30.5,6.6,-1.7,-129.3,5.429741484,1280,960,C:/Users/saselvar/Downloads/RockyReef_raw_rededge_1_5set/000,IMG_0058_2.tif,-36.8039129,175.165841,29.791
4,1793206.853,5924683.253,30.5,0.9,-1.3,-129.4,5.429741484,1280,960,C:/Users/saselvar/Downloads/RockyReef_raw_rededge_1_5set/000,IMG_0059_2.tif,-36.8039888,175.1657536,30.269
5,1793203.218,5924677.652,30.5,9.7,-3.4,-140,5.429741484,1280,960,C:/Users/saselvar/Downloads/RockyReef_raw_rededge_1_5set/000,IMG_0060_2.tif,-36.80404,175.1657143,30.362
6,1793203.397,5924674.917,30.4,8.2,-5.4,-151.6,5.429741484,1280,960,C:/Users/saselvar/Downloads/RockyReef_raw_rededge_1_5set/000,IMG_0061_2.tif,-36.8040646,175.165717,30.398
7,1793203.515,5924673.815,30.4,8.3,-6.6,-164,5.429741484,1280,960,C:/Users/saselvar/Downloads/RockyReef_raw_rededge_1_5set/000,IMG_0062_2.tif,-36.8040745,175.1657186,30.268
8,1793203.407,5924673.385,30.4,8.4,-6.6,-170.4,5.429741484,1280,960,C:/Users/saselvar/Downloads/RockyReef_raw_rededge_1_5set/000,IMG_0063_2.tif,-36.8040784,175.1657175,30.38
9,1793203.403,5924673.219,30.4,8.2,-6.8,-172.5,5.429741484,1280,960,C:/Users/saselvar/Downloads/RockyReef_raw_rededge_1_5set/000,IMG_0064_2.tif,-36.8040799,175.1657175,30.127
10,1793203.511,5924673.238,30.4,8.2,-6.8,-172.5,5.429741484,1280,960,C:/Users/saselvar/Downloads/RockyReef_raw_rededge_1_5set/000,IMG_0065_2.tif,-36.8040797,175.1657187,30.197
11,1793203.53,5924673.293,30.4,8.2,-6.8,-172.5,5.429741484,1280,960,C:/Users/saselvar/Downloads/RockyReef_raw_rededge_1_5set/000,IMG_0066_2.tif,-36.8040792,175.1657189,30.364
12,1793204.263,5924673.343,30.4,8.3,-6.6,-164,5.429741484,1280,960,C:/Users/saselvar/Downloads/RockyReef_raw_rededge_1_5set/000,IMG_0067_2.tif,-36.8040786,175.1657271,30.306
13,1793204.634,5924673.18,30.5,1.7,-9.2,155.2,5.429741484,1280,960,C:/Users/saselvar/Downloads/RockyReef_raw_rededge_1_5set/000,IMG_0068_2.tif,-36.80408,175.1657313,30.028
14,1793205.536,5924672.426,30.6,1.9,-3.5,153,5.429741484,1280,960,C:/Users/saselvar/Downloads/RockyReef_raw_rededge_1_5set/000,IMG_0069_2.tif,-36.8040866,175.1657416,29.959
15,1793207.668,5924669.991,30.5,-4.2,-4,153.2,5.429741484,1280,960,C:/Users/saselvar/Downloads/RockyReef_raw_rededge_1_5set/000,IMG_0070_2.tif,-36.8041081,175.1657661,30.267
16,1793210.115,5924666.495,30.5,-4,-3.3,156.3,5.429741484,1280,960,C:/Users/saselvar/Downloads/RockyReef_raw_rededge_1_5set/000,IMG_0071_2.tif,-36.8041391,175.1657944,30.424
17,1793212.565,5924661.921,30.6,-2.3,-2.4,163.6,5.429741484,1280,960,C:/Users/saselvar/Downloads/RockyReef_raw_rededge_1_5set/000,IMG_0072_2.tif,-36.8041798,175.165823,30.079
18,1793214.685,5924657.399,30.5,-2.7,-3.8,158.9,5.429741484,1280,960,C:/Users/saselvar/Downloads/RockyReef_raw_rededge_1_5set/000,IMG_0073_2.tif,-36.8042201,175.1658479,30.17
19,1793216.675,5924653.824,30.5,-3.1,-3.9,153.8,5.429741484,1280,960,C:/Users/saselvar/Downloads/RockyReef_raw_rededge_1_5set/000,IMG_0074_2.tif,-36.8042519,175.1658711,30.351
20,1793219.151,5924650.005,30.5,-3.2,-3.3,153.8,5.429741484,1280,960,C:/Users/saselvar/Downloads/RockyReef_raw_rededge_1_5set/000,IMG_0075_2.tif,-36.8042858,175.1658998,30.579
21,1793221.718,5924646.306,30.5,-3.6,-3.1,153.8,5.429741484,1280,960,C:/Users/saselvar/Downloads/RockyReef_raw_rededge_1_5set/000,IMG_0076_2.tif,-36.8043186,175.1659295,30.948
22,1793224.278,5924642.662,30.6,-3.3,-2.9,153.7,5.429741484,1280,960,C:/Users/saselvar/Downloads/RockyReef_raw_rededge_1_5set/000,IMG_0077_2.tif,-36.8043509,175.1659591,30.925
23,1793226.95,5924638.861,30.6,-3.3,-3.1,153.8,5.429741484,1280,960,C:/Users/saselvar/Downloads/RockyReef_raw_rededge_1_5set/000,IMG_0078_2.tif,-36.8043846,175.16599,30.72
24,1793229.89,5924634.642,30.5,-4.7,-2.9,153.9,5.429741484,1280,960,C:/Users/saselvar/Downloads/RockyReef_raw_rededge_1_5set/000,IMG_0079_2.tif,-36.804422,175.166024,30.609
25,1793232.902,5924630.089,30.5,-4.8,-2.7,153.8,5.429741484,1280,960,C:/Users/saselvar/Downloads/RockyReef_raw_rededge_1_5set/000,IMG_0080_2.tif,-36.8044624,175.1660589,30.557
26,1793236.058,5924624.778,30.5,-4.5,-2.6,155.9,5.429741484,1280,960,C:/Users/saselvar/Downloads/RockyReef_raw_rededge_1_5set/000,IMG_0081_2.tif,-36.8045096,175.1660956,30.491
27,1793238.854,5924619.764,30.4,-4.3,-3,155.1,5.429741484,1280,960,C:/Users/saselvar/Downloads/RockyReef_raw_rededge_1_5set/000,IMG_0082_2.tif,-36.8045542,175.1661282,30.441
28,1793241.039,5924615.718,30.3,-2.6,-3.1,151.6,5.429741484,1280,960,C:/Users/saselvar/Downloads/RockyReef_raw_rededge_1_5set/000,IMG_0083_2.tif,-36.8045902,175.1661537,30.489
29,1793243.22,5924611.927,30.4,-4,-3,151.1,5.429741484,1280,960,C:/Users/saselvar/Downloads/RockyReef_raw_rededge_1_5set/000,IMG_0084_2.tif,-36.8046239,175.1661791,30.655
30,1793245.582,5924608.233,30.3,-3.9,-3,150.1,5.429741484,1280,960,C:/Users/saselvar/Downloads/RockyReef_raw_rededge_1_5set/000,IMG_0085_2.tif,-36.8046567,175.1662065,30.855
31,1793248.418,5924604.161,30.3,-4.4,-2.9,150,5.429741484,1280,960,C:/Users/saselvar/Downloads/RockyReef_raw_rededge_1_5set/000,IMG_0086_2.tif,-36.8046928,175.1662393,30.948
32,1793251.06,5924600.216,30.4,-3.1,-2.9,150,5.429741484,1280,960,C:/Users/saselvar/Downloads/RockyReef_raw_rededge_1_5set/000,IMG_0087_2.tif,-36.8047278,175.1662699,30.89
33,1793253.806,5924596.513,30.4,-3.7,-2.8,150,5.429741484,1280,960,C:/Users/saselvar/Downloads/RockyReef_raw_rededge_1_5set/000,IMG_0088_2.tif,-36.8047606,175.1663016,30.788
34,1793256.661,5924593.662,30.3,-3.5,-3.4,143.1,5.429741484,1280,960,C:/Users/saselvar/Downloads/RockyReef_raw_rededge_1_5set/000,IMG_0089_2.tif,-36.8047857,175.1663343,30.902
35,1793260.18,5924591.406,30.3,-3.4,-4.6,143.1,5.429741484,1280,960,C:/Users/saselvar/Downloads/RockyReef_raw_rededge_1_5set/000,IMG_0090_2.tif,-36.8048053,175.1663743,30.86
36,1793263.975,5924588.678,30.3,-4.3,-3.3,143.1,5.429741484,1280,960,C:/Users/saselvar/Downloads/RockyReef_raw_rededge_1_5set/000,IMG_0091_2.tif,-36.8048291,175.1664175,31.155
37,1793267.778,5924585.961,30.3,-4.1,-3.4,143.1,5.429741484,1280,960,C:/Users/saselvar/Downloads/RockyReef_raw_rededge_1_5set/000,IMG_0092_2.tif,-36.8048528,175.1664608,30.935
38,1793272.995,5924581.78,30.5,-3.7,-2.7,144.2,5.429741484,1280,960,C:/Users/saselvar/Downloads/RockyReef_raw_rededge_1_5set/000,IMG_0093_2.tif,-36.8048894,175.1665203,30.908
39,1793275.284,5924579.963,30.4,-3.8,-2.7,145.8,5.429741484,1280,960,C:/Users/saselvar/Downloads/RockyReef_raw_rededge_1_5set/000,IMG_0094_2.tif,-36.8049053,175.1665464,30.984
40,1793277.761,5924577.786,30.4,-4.1,-2.6,145.8,5.429741484,1280,960,C:/Users/saselvar/Downloads/RockyReef_raw_rededge_1_5set/000,IMG_0095_2.tif,-36.8049244,175.1665747,31.228
41,1793280.903,5924575.04,30.4,-3.8,-3.2,145.7,5.429741484,1280,960,C:/Users/saselvar/Downloads/RockyReef_raw_rededge_1_5set/000,IMG_0096_2.tif,-36.8049485,175.1666106,31.423
42,1793283.994,5924572.405,30.5,-4.2,-2.9,145.8,5.429741484,1280,960,C:/Users/saselvar/Downloads/RockyReef_raw_rededge_1_5set/000,IMG_0097_2.tif,-36.8049716,175.1666459,31.345
43,1793287.294,5924569.511,30.6,-4,-3.2,142.9,5.429741484,1280,960,C:/Users/saselvar/Downloads/RockyReef_raw_rededge_1_5set/000,IMG_0098_2.tif,-36.804997,175.1666836,31.636
44,1793291.022,5924566.585,30.5,-4.1,-3.3,142.9,5.429741484,1280,960,C:/Users/saselvar/Downloads/RockyReef_raw_rededge_1_5set/000,IMG_0099_2.tif,-36.8050226,175.1667261,31.586
45,1793294.058,5924564.296,30.4,-3.9,-3,142.8,5.429741484,1280,960,C:/Users/saselvar/Downloads/RockyReef_raw_rededge_1_5set/000,IMG_0100_2.tif,-36.8050426,175.1667607,31.799
46,1793297.167,5924562.804,30.4,-3,-3.2,140.6,5.429741484,1280,960,C:/Users/saselvar/Downloads/RockyReef_raw_rededge_1_5set/000,IMG_0101_2.tif,-36.8050554,175.1667959,31.961
47,1793299.609,5924563.448,30.5,-2.8,-3.9,116,5.429741484,1280,960,C:/Users/saselvar/Downloads/RockyReef_raw_rededge_1_5set/000,IMG_0102_2.tif,-36.8050491,175.1668231,31.557
48,1793301.471,5924565.637,30.4,-2.2,-4.1,96,5.429741484,1280,960,C:/Users/saselvar/Downloads/RockyReef_raw_rededge_1_5set/000,IMG_0103_2.tif,-36.805029,175.1668434,30.848
49,1793301.542,5924569.965,30.4,-7.7,1.6,-2.7,5.429741484,1280,960,C:/Users/saselvar/Downloads/RockyReef_raw_rededge_1_5set/000,IMG_0104_2.tif,-36.80499,175.1668431,30.683
50,1793300.502,5924576.061,30.3,-2,2.6,-2.7,5.429741484,1280,960,C:/Users/saselvar/Downloads/RockyReef_raw_rededge_1_5set/000,IMG_0105_2.tif,-36.8049353,175.1668299,30.319
51,1793299.128,5924581.198,30.3,-3.1,3.5,-3.1,5.429741484,1280,960,C:/Users/saselvar/Downloads/RockyReef_raw_rededge_1_5set/000,IMG_0106_2.tif,-36.8048893,175.1668132,30.14
52,1793297.736,5924584.782,30.3,-4.2,3.5,-3.4,5.429741484,1280,960,C:/Users/saselvar/Downloads/RockyReef_raw_rededge_1_5set/000,IMG_0107_2.tif,-36.8048573,175.1667967,29.761
53,1793296.479,5924587.597,30.3,-5,3.9,10.4,5.429741484,1280,960,C:/Users/saselvar/Downloads/RockyReef_raw_rededge_1_5set/000,IMG_0108_2.tif,-36.8048322,175.1667819,29.876
54,1793295.579,5924590.415,30.2,-4.9,3.6,23.8,5.429741484,1280,960,C:/Users/saselvar/Downloads/RockyReef_raw_rededge_1_5set/000,IMG_0109_2.tif,-36.804807,175.1667711,29.798
55,1793296.168,5924593.155,30.2,-8.2,2.2,51.3,5.429741484,1280,960,C:/Users/saselvar/Downloads/RockyReef_raw_rededge_1_5set/000,IMG_0110_2.tif,-36.8047822,175.166777,29.505
56,1793301.71,5924595.482,30.3,-10.3,0,76.5,5.429741484,1280,960,C:/Users/saselvar/Downloads/RockyReef_raw_rededge_1_5set/000,IMG_0111_2.tif,-36.8047601,175.1668385,29.556
57,1793307.719,5924597.089,30.3,-5.6,-1.2,76.6,5.429741484,1280,960,C:/Users/saselvar/Downloads/RockyReef_raw_rededge_1_5set/000,IMG_0112_2.tif,-36.8047444,175.1669054,29.838
58,1793313.204,5924598.841,30.4,-3.3,-2.1,76.6,5.429741484,1280,960,C:/Users/saselvar/Downloads/RockyReef_raw_rededge_1_5set/000,IMG_0113_2.tif,-36.8047275,175.1669664,29.546
59,1793325.128,5924599.958,30.5,-5.7,-3.8,169.7,5.429741484,1280,960,C:/Users/saselvar/Downloads/RockyReef_raw_rededge_1_5set/000,IMG_0117_2.tif,-36.804715,175.1670997,29.615
60,1793326.851,5924594.047,30.6,-2.7,-3.4,169.6,5.429741484,1280,960,C:/Users/saselvar/Downloads/RockyReef_raw_rededge_1_5set/000,IMG_0118_2.tif,-36.8047679,175.1671205,29.808
61,1793328.672,5924588.144,30.5,-3.1,-3.2,169.5,5.429741484,1280,960,C:/Users/saselvar/Downloads/RockyReef_raw_rededge_1_5set/000,IMG_0119_2.tif,-36.8048207,175.1671424,29.548
62,1793330.098,5924583.316,30.4,-2.6,-3,169.5,5.429741484,1280,960,C:/Users/saselvar/Downloads/RockyReef_raw_rededge_1_5set/000,IMG_0120_2.tif,-36.8048639,175.1671596,29.872
63,1793331.702,5924577.674,30.4,-2.7,-3.5,169.6,5.429741484,1280,960,C:/Users/saselvar/Downloads/RockyReef_raw_rededge_1_5set/000,IMG_0121_2.tif,-36.8049144,175.167179,30.379
64,1793333.409,5924572.24,30.5,-2.5,-3.1,169.6,5.429741484,1280,960,C:/Users/saselvar/Downloads/RockyReef_raw_rededge_1_5set/000,IMG_0122_2.tif,-36.804963,175.1671995,30.708
65,1793335.12,5924567.406,30.5,-2.3,-3.9,164.6,5.429741484,1280,960,C:/Users/saselvar/Downloads/RockyReef_raw_rededge_1_5set/000,IMG_0123_2.tif,-36.8050062,175.1672199,30.798
66,1793337.318,5924563.149,30.5,-2.5,-4.6,156.2,5.429741484,1280,960,C:/Users/saselvar/Downloads/RockyReef_raw_rededge_1_5set/000,IMG_0124_2.tif,-36.8050441,175.1672456,30.7
67,1793340.072,5924559.412,30.6,-2.8,-3.9,155.3,5.429741484,1280,960,C:/Users/saselvar/Downloads/RockyReef_raw_rededge_1_5set/000,IMG_0125_2.tif,-36.8050772,175.1672774,30.481
68,1793343.169,5924555.478,30.4,-7.1,-2.6,155.8,5.429741484,1280,960,C:/Users/saselvar/Downloads/RockyReef_raw_rededge_1_5set/000,IMG_0126_2.tif,-36.805112,175.1673131,30.302
69,1793345.965,5924550.042,30.4,-3.2,-1.8,166.2,5.429741484,1280,960,C:/Users/saselvar/Downloads/RockyReef_raw_rededge_1_5set/000,IMG_0127_2.tif,-36.8051604,175.1673458,30.893
70,1793348.002,5924544.601,30.5,1.1,-2.3,166.1,5.429741484,1280,960,C:/Users/saselvar/Downloads/RockyReef_raw_rededge_1_5set/000,IMG_0128_2.tif,-36.805209,175.16737,30.871
71,1793349.303,5924540.564,30.3,-1,-3.4,161.3,5.429741484,1280,960,C:/Users/saselvar/Downloads/RockyReef_raw_rededge_1_5set/000,IMG_0129_2.tif,-36.8052451,175.1673856,30.736
72,1793350.745,5924537.245,30.3,-2.6,-4,150,5.429741484,1280,960,C:/Users/saselvar/Downloads/RockyReef_raw_rededge_1_5set/000,IMG_0130_2.tif,-36.8052747,175.1674026,31.196
73,1793352.894,5924533.966,30.5,-3,-3.5,150,5.429741484,1280,960,C:/Users/saselvar/Downloads/RockyReef_raw_rededge_1_5set/000,IMG_0131_2.tif,-36.8053038,175.1674275,30.968
74,1793355.27,5924530.504,30.3,-4.3,-3.5,150.1,5.429741484,1280,960,C:/Users/saselvar/Downloads/RockyReef_raw_rededge_1_5set/000,IMG_0132_2.tif,-36.8053345,175.167455,31.131
75,1793357.301,5924527.15,30.3,-2.3,-2.3,162.7,5.429741484,1280,960,C:/Users/saselvar/Downloads/RockyReef_raw_rededge_1_5set/000,IMG_0133_2.tif,-36.8053643,175.1674786,31.49
76,1793357.987,5924526.335,30.3,-0.2,-1.7,168.7,5.429741484,1280,960,C:/Users/saselvar/Downloads/RockyReef_raw_rededge_1_5set/000,IMG_0134_2.tif,-36.8053715,175.1674865,31.406
77,1793358.195,5924526.453,30.3,-0.2,-1.7,168.7,5.429741484,1280,960,C:/Users/saselvar/Downloads/RockyReef_raw_rededge_1_5set/000,IMG_0135_2.tif,-36.8053704,175.1674888,31.485
78,1793358.224,5924526.53,30.3,-0.2,-1.7,168.7,5.429741484,1280,960,C:/Users/saselvar/Downloads/RockyReef_raw_rededge_1_5set/000,IMG_0136_2.tif,-36.8053697,175.1674891,31.604
79,1793359.434,5924523.228,30.2,-10.3,-3.8,168.9,5.429741484,1280,960,C:/Users/saselvar/Downloads/RockyReef_raw_rededge_1_5set/000,IMG_0137_2.tif,-36.8053992,175.1675035,31.692
80,1793361.23,5924517.392,30.2,-1.2,-2.9,168.6,5.429741484,1280,960,C:/Users/saselvar/Downloads/RockyReef_raw_rededge_1_5set/000,IMG_0138_2.tif,-36.8054514,175.1675251,32.09
81,1793362.27,5924513.228,30.5,-1.1,-3.6,168.6,5.429741484,1280,960,C:/Users/saselvar/Downloads/RockyReef_raw_rededge_1_5set/000,IMG_0139_2.tif,-36.8054887,175.1675378,32.123
82,1793363.445,5924509.172,30.5,1.7,-3.4,168.6,5.429741484,1280,960,C:/Users/saselvar/Downloads/RockyReef_raw_rededge_1_5set/000,IMG_0140_2.tif,-36.805525,175.167552,31.853
83,1793362.894,5924505.332,30.2,-5.2,2.5,-108.2,5.429741484,1280,960,C:/Users/saselvar/Downloads/RockyReef_raw_rededge_1_5set/000,IMG_0141_2.tif,-36.8055597,175.1675468,31.682
84,1793358.792,5924503.161,30.2,-2.4,0,-120.9,5.429741484,1280,960,C:/Users/saselvar/Downloads/RockyReef_raw_rededge_1_5set/000,IMG_0142_2.tif,-36.8055801,175.1675014,31.948
85,1793352.374,5924500.009,30.2,2,-2.9,-146.1,5.429741484,1280,960,C:/Users/saselvar/Downloads/RockyReef_raw_rededge_1_5set/000,IMG_0143_2.tif,-36.8056098,175.1674303,32.194
86,1793347.671,5924496.164,30.2,4.2,-7.8,-168.3,5.429741484,1280,960,C:/Users/saselvar/Downloads/RockyReef_raw_rededge_1_5set/000,IMG_0144_2.tif,-36.8056454,175.1673786,32.219
87,1793346.832,5924493.008,30.2,3.7,-4.7,-168.3,5.429741484,1280,960,C:/Users/saselvar/Downloads/RockyReef_raw_rededge_1_5set/000,IMG_0145_2.tif,-36.805674,175.16737,32.222
88,1793347.377,5924490.276,30.3,3.4,-4,-168,5.429741484,1280,960,C:/Users/saselvar/Downloads/RockyReef_raw_rededge_1_5set/000,IMG_0146_2.tif,-36.8056985,175.1673768,32.305
89,1793348.066,5924487.951,30.2,4.1,-3.2,-168.1,5.429741484,1280,960,C:/Users/saselvar/Downloads/RockyReef_raw_rededge_1_5set/000,IMG_0147_2.tif,-36.8057193,175.1673851,32.704
90,1793348.47,5924485.733,30.5,4.1,-2.2,-168.1,5.429741484,1280,960,C:/Users/saselvar/Downloads/RockyReef_raw_rededge_1_5set/000,IMG_0148_2.tif,-36.8057392,175.1673902,32.969
91,1793348.419,5924483.048,30.6,2.4,-2.3,-168,5.429741484,1280,960,C:/Users/saselvar/Downloads/RockyReef_raw_rededge_1_5set/000,IMG_0149_2.tif,-36.8057634,175.1673903,33.257
92,1793348.342,5924479.653,30.6,2.8,-2.4,-168.2,5.429741484,1280,960,C:/Users/saselvar/Downloads/RockyReef_raw_rededge_1_5set/000,IMG_0150_2.tif,-36.805794,175.1673903,33.164
93,1793348.342,5924477.299,30.6,4.4,-2.2,-168.1,5.429741484,1280,960,C:/Users/saselvar/Downloads/RockyReef_raw_rededge_1_5set/000,IMG_0151_2.tif,-36.8058152,175.1673909,32.928
94,1793349.374,5924475.955,30.6,4.6,-2.2,-169.2,5.429741484,1280,960,C:/Users/saselvar/Downloads/RockyReef_raw_rededge_1_5set/000,IMG_0152_2.tif,-36.8058271,175.1674028,32.905
95,1793352.774,5924475.156,30.6,2.2,-9.5,166.6,5.429741484,1280,960,C:/Users/saselvar/Downloads/RockyReef_raw_rededge_1_5set/000,IMG_0153_2.tif,-36.8058336,175.1674411,32.731
96,1793356.254,5924473.112,30.6,-1.3,-5.3,166.9,5.429741484,1280,960,C:/Users/saselvar/Downloads/RockyReef_raw_rededge_1_5set/000,IMG_0154_2.tif,-36.8058513,175.1674806,32.613
97,1793358.789,5924469.958,30.7,0,-3.7,166.8,5.429741484,1280,960,C:/Users/saselvar/Downloads/RockyReef_raw_rededge_1_5set/000,IMG_0155_2.tif,-36.8058792,175.1675098,32.4
98,1793360.375,5924466.281,30.6,-0.6,-2.6,166.7,5.429741484,1280,960,C:/Users/saselvar/Downloads/RockyReef_raw_rededge_1_5set/000,IMG_0156_2.tif,-36.805912,175.1675285,32.266
99,1793361.656,5924462.533,30.7,0.3,-3.1,166.9,5.429741484,1280,960,C:/Users/saselvar/Downloads/RockyReef_raw_rededge_1_5set/000,IMG_0157_2.tif,-36.8059455,175.1675438,31.955
100,1793362.812,5924458.788,30.4,0,-2.9,169.7,5.429741484,1280,960,C:/Users/saselvar/Downloads/RockyReef_raw_rededge_1_5set/000,IMG_0158_2.tif,-36.805979,175.1675577,31.992
101,1793362.956,5924452.957,30.4,-4,0.7,-158.4,5.429741484,1280,960,C:/Users/saselvar/Downloads/RockyReef_raw_rededge_1_5set/000,IMG_0159_2.tif,-36.8060315,175.1675608,31.915
102,1793360.886,5924445.533,30.4,0.5,3.5,-131.4,5.429741484,1280,960,C:/Users/saselvar/Downloads/RockyReef_raw_rededge_1_5set/000,IMG_0160_2.tif,-36.8060988,175.1675395,31.487
103,1793357.605,5924441.378,30.4,-8,7.3,-74.2,5.429741484,1280,960,C:/Users/saselvar/Downloads/RockyReef_raw_rededge_1_5set/000,IMG_0161_2.tif,-36.8061369,175.1675038,31.207
104,1793351.862,5924441.608,30.5,-2.5,5.6,-73.8,5.429741484,1280,960,C:/Users/saselvar/Downloads/RockyReef_raw_rededge_1_5set/000,IMG_0162_2.tif,-36.806136,175.1674394,30.897
105,1793345.504,5924443.461,30.5,-1.1,4.9,-74.1,5.429741484,1280,960,C:/Users/saselvar/Downloads/RockyReef_raw_rededge_1_5set/000,IMG_0163_2.tif,-36.8061206,175.1673677,30.166
106,1793340.38,5924445.465,30.4,1.1,1.9,-98.9,5.429741484,1280,960,C:/Users/saselvar/Downloads/RockyReef_raw_rededge_1_5set/000,IMG_0164_2.tif,-36.8061036,175.1673098,29.644
107,1793335.2,5924446.104,30.4,1.7,-4.7,-150.7,5.429741484,1280,960,C:/Users/saselvar/Downloads/RockyReef_raw_rededge_1_5set/000,IMG_0165_2.tif,-36.8060989,175.1672516,29.536
108,1793332.205,5924444.351,30.4,1.2,-2.7,-150.6,5.429741484,1280,960,C:/Users/saselvar/Downloads/RockyReef_raw_rededge_1_5set/000,IMG_0166_2.tif,-36.8061153,175.1672185,29.578
109,1793329.791,5924440.243,30.2,-1.4,-1.1,-150.6,5.429741484,1280,960,C:/Users/saselvar/Downloads/RockyReef_raw_rededge_1_5set/000,IMG_0167_2.tif,-36.8061528,175.1671925,29.245
110,1793327.294,5924435.227,30.1,7.7,-1,-150.5,5.429741484,1280,960,C:/Users/saselvar/Downloads/RockyReef_raw_rededge_1_5set/000,IMG_0168_2.tif,-36.8061985,175.1671658,29.357
111,1793326.426,5924433.57,30.3,3.7,-6.1,152,5.429741484,1280,960,C:/Users/saselvar/Downloads/RockyReef_raw_rededge_1_5set/000,IMG_0169_2.tif,-36.8062136,175.1671565,29.718
112,1793326.422,5924433.37,30.3,3.7,-6.1,152,5.429741484,1280,960,C:/Users/saselvar/Downloads/RockyReef_raw_rededge_1_5set/000,IMG_0170_2.tif,-36.8062154,175.1671565,29.714
113,1793326.592,5924433.4,30.3,3.7,-6.1,152,5.429741484,1280,960,C:/Users/saselvar/Downloads/RockyReef_raw_rededge_1_5set/000,IMG_0171_2.tif,-36.8062151,175.1671584,29.493
114,1793327.785,5924434.05,30.1,10.6,-1.1,-150.5,5.429741484,1280,960,C:/Users/saselvar/Downloads/RockyReef_raw_rededge_1_5set/000,IMG_0172_2.tif,-36.806209,175.1671716,29.189
